<desktopflowbinary desktopflowbinaryid="6d9e4b84-8211-4e5e-a818-078266c50e31">
  <data mimetype="image/png">ControlRepositoryImageFile_6d9e4b84-8211-4e5e-a818-078266c50e31.png</data>
  <iscustomizable>1</iscustomizable>
  <metadata>{}</metadata>
  <mimetype>image/png</mimetype>
  <name>Desktop flow ui element screenshot</name>
  <process>
    <workflowid>44afa738-f222-4d46-934e-f4a3f39d4028</workflowid>
  </process>
  <reference>controlRepo-screenshots\f7b4bfc9-496c-450a-aa94-b18b26bf9250.png</reference>
  <statecode>0</statecode>
  <statuscode>1</statuscode>
  <type>ControlRepositoryImageFile</type>
</desktopflowbinary>