<ImportExportXml xmlns:xsi="http://www.w3.org/2001/XMLSchema-instance">
  <Entities></Entities>
  <Roles></Roles>
  <Workflows>
    <Workflow WorkflowId="{44afa738-f222-4d46-934e-f4a3f39d4028}" Name="LocatorFlow">
      <JsonFileName>/Workflows/LocatorFlow-44AFA738-F222-4D46-934E-F4A3F39D4028.json</JsonFileName>
      <Type>1</Type>
      <Subprocess>0</Subprocess>
      <Category>6</Category>
      <Mode>0</Mode>
      <Scope>4</Scope>
      <OnDemand>0</OnDemand>
      <TriggerOnCreate>0</TriggerOnCreate>
      <TriggerOnDelete>0</TriggerOnDelete>
      <AsyncAutodelete>0</AsyncAutodelete>
      <SyncWorkflowLogOnFailure>0</SyncWorkflowLogOnFailure>
      <StateCode>1</StateCode>
      <StatusCode>2</StatusCode>
      <RunAs>1</RunAs>
      <IsTransacted>1</IsTransacted>
      <IntroducedVersion>1.0</IntroducedVersion>
      <IsCustomizable>1</IsCustomizable>
      <BusinessProcessType>0</BusinessProcessType>
      <UIFlowType>2</UIFlowType>
      <IsCustomProcessingStepAllowedForOtherPublishers>1</IsCustomProcessingStepAllowedForOtherPublishers>
      <Metadata>{"clientversion":"2.46.163.24194","isvalid":true,"$schema":"https://schema.management.azure.com/providers/Microsoft.Logic/schemas/2016-06-01/workflowdefinition.json#","schemaVersion":"ROBIN_20211012","containsActiveConnections":true,"containsGptPredictActions":false,"containsActiveCopilotActions":false,"containsActiveWorkQueuesActions":false,"containsActiveLogMessageActions":false,"multipleRequestsState":0,"scriptType":0,"disableScreenshotCaptureOnError":false,"missingUiElementRepairType":null,"flowTimeout":null}</Metadata>
      <Inputs>{"schema":{"required":["ProcessName","ConfigPath"],"properties":{"ProcessName":{"isOptional":false,"default":"","description":"This stores the process name","format":null,"title":"ProcessName","type":"string","value":"Locator Process"},"ConfigPath":{"isOptional":false,"default":"","description":"Stores Config path","format":null,"title":"ConfigPath","type":"string","value":"D:\\Temp\\Flows\\LocatorFlows\\Config.xlsx"}},"type":"object"}}</Inputs>
      <Outputs>{"schema":null}</Outputs>
      <Dependencies>{"childFlows":[],"workQueues":[],"environmentVariables":[],"requiredBinaries":["bc25d396-eca7-4901-bc2a-8168916b9f1d","73603272-f0fd-45ac-b57a-35f625884945","ce73aec6-d0f7-4e06-ac47-a0bb020c59f6","aef29893-f432-4766-958d-29ced1f4855e"]}</Dependencies>
      <ConnectionReferences>[{"api":{"name":"/providers/Microsoft.PowerApps/apis/shared_office365"},"displayName":"Office 365 Outlook sample_PA_Solution-de5c5","isDisabled":false,"connectionReferenceLogicalName":"nn_sharedoffice365_de5c5","name":"shared-office365-e2817c7e-ced4-452e-8f23-34aa513d5104","connectionDisplayName":"nivedn@8vz2bj.onmicrosoft.com","ownerId":null,"padInternalId":"48aeeb95-28ba-4ee1-b209-564e3e33709c","isEmbedded":false}]</ConnectionReferences>
      <Definition>"@@ConnectionString: ''\r\n@@Type: 'Local'\r\n@@DesktopType: 'local'\r\n@@DisplayName: 'Local computer'\r\nIMPORT 'controlRepo.appmask' AS appmask\r\nIMPORT 'imageRepo.imgrepo' AS imgrepo\r\n@SENSITIVE: []\r\n@INPUT ProcessName : { 'Description': 'This stores the process name', 'FriendlyName': 'ProcessName', 'Type': 'String', 'IsOptional': False, 'DefaultValue': 'Locator Process' } \r\n@INPUT ConfigPath : { 'Description': 'Stores Config path', 'FriendlyName': 'ConfigPath', 'Type': 'String', 'IsOptional': False, 'DefaultValue': 'D:\\\\Temp\\\\Flows\\\\LocatorFlows\\\\Config.xlsx' } \r\nBLOCK 'Init Error Block'\r\nON BLOCK ERROR all\r\n    CALL ErrorCaptureFlow\r\n    THROW ERROR\r\nEND\r\n    SET LogFileExists TO False\r\n    CALL KillProcesses\r\n    CALL InitAllSettings\r\n    SET LogLevel TO $'''Info'''\r\n    SET LogMessage TO $'''Locator flow process started'''\r\n    CALL LogRecordCreator\r\n    CALL CreateOutputFolder\r\nEND\r\nBLOCK 'Main process Error Block'\r\nON BLOCK ERROR all\r\n    CALL ErrorCaptureFlow\r\n    CALL LogRecordCreator\r\nEND\r\n    CALL 'Launch BotsDNA Locator website'\r\n    CALL 'Extract Locator Details'\r\n    SET LogLevel TO $'''Info'''\r\n    SET LogMessage TO $'''Locator Details successfully entered to output report.'''\r\n    CALL LogRecordCreator\r\nEND\r\nBLOCK 'End Error Block'\r\nON BLOCK ERROR all\r\n    CALL ErrorCaptureFlow\r\n    CALL LogRecordCreator\r\n    CALL 'Stop flow'\r\n    THROW ERROR\r\nEND\r\n    CALL CloseBotsDNA\r\n    SET LogLevel TO $'''Info'''\r\n    SET LogMessage TO $'''Closed the Locator website'''\r\n    CALL LogRecordCreator\r\n    File.GetPathPart File: InputLocatorFiles[0] FileName=&gt; FileName\r\n    File.ConvertToBinary File: InputLocatorFiles[0] BinaryData=&gt; LocatorFileBinaryData\r\n    SET Attachments TO [{ 'Name': FileName, 'ContentBytes': LocatorFileBinaryData }]\r\n    SET LogLevel TO $'''Info'''\r\n    SET LogMessage TO $'''Sending output email to business'''\r\n    CALL LogRecordCreator\r\n    @@'emailMessage/Sensitivity': ''\r\n@@connectionDisplayName: 'Office 365 Outlook sample_PA_Solution-de5c5'\r\nExternal.InvokeCloudConnector Connection: '48aeeb95-28ba-4ee1-b209-564e3e33709c' ConnectorId: '/providers/Microsoft.PowerApps/apis/shared_office365' OperationId: 'SendEmailV2' @'emailMessage/To': Config['FinalEmailSender'] @'emailMessage/Subject': $'''Locator flow updates''' @'emailMessage/Body': $'''Hi \r\n\r\nFlow run is completed, kindly find the associated data- output report.\r\n\r\nFor log files- check the folder path - %Config['LogsFolder']%\\\\LogFile_%LogFileNamePart%.txt\r\n&lt;br&gt;&lt;br&gt;\r\nThanks &amp; Regards,\r\nNN Bot''' @'emailMessage/Attachments': Attachments\r\n    SET LogLevel TO $'''Info'''\r\n    SET LogMessage TO $'''Locator Flow Process completed'''\r\n    CALL LogRecordCreator\r\nEND\r\nFUNCTION 'Launch BotsDNA Locator website' GLOBAL\r\n    /# Subflow which launches the Botsdna website\r\n#Preconditions\r\n1. Bot should have access to the BotsDNA locator website\r\n\r\n#Postconditions\r\n1. BotsDNA website should be launched.\r\n#/\r\n    BLOCK 'Launch BotsDNA Website'\r\nON BLOCK ERROR all\r\n    SET LogLevel TO $'''Error'''\r\n    CALL ErrorCaptureFlow\r\n    CALL LogRecordCreator\r\n    THROW ERROR\r\nEND\r\n        Text.ToNumber Text: Config['WebTimeout'] Number=&gt; WebTimeout\r\n        WebAutomation.LaunchEdge.LaunchEdge Url: Config['LocatorURL'] WindowState: WebAutomation.BrowserWindowState.Maximized ClearCache: False ClearCookies: False WaitForPageToLoadTimeout: 60 Timeout: 60 PiPUserDataFolderMode: WebAutomation.PiPUserDataFolderModeEnum.AutomaticProfile BrowserInstance=&gt; LocatorBrowser\r\n        DISABLE WebAutomation.LaunchChrome.LaunchChrome Url: Config['LocatorURL'] WindowState: WebAutomation.BrowserWindowState.Maximized ClearCache: False ClearCookies: False WaitForPageToLoadTimeout: 60 Timeout: 60 PiPUserDataFolderMode: WebAutomation.PiPUserDataFolderModeEnum.AutomaticProfile BrowserInstance=&gt; LocatorBrowser\r\n        WAIT (WebAutomation.WaitForWebPageContent.WebPageToContainElement BrowserInstance: LocatorBrowser Control: appmask['Web Page \\'https://botsdna.com/locator/\\'']['Heading 1 \\'Customer Locator\\'']) FOR WebTimeout\r\n        SET LogLevel TO $'''Info'''\r\n        SET LogMessage TO $'''BotsDNA Locator website has been loaded successfully.'''\r\n        CALL LogRecordCreator\r\n    END\r\nEND FUNCTION\r\nFUNCTION InitAllSettings GLOBAL\r\n    # Subflow which read the config file settings and convert to custom json format\r\n    BLOCK 'Init All Settings Error Block'\r\nON BLOCK ERROR all\r\n    THROW ERROR\r\nEND\r\n        SET LogLevel TO $'''%''%'''\r\n        SET LogMessage TO $'''%''%'''\r\n        SET Config TO { 'ProcessName': ProcessName }\r\n        Excel.LaunchExcel.LaunchAndOpenUnderExistingProcess Path: ConfigPath Visible: False ReadOnly: False Instance=&gt; ConfigInstance\r\n        Excel.GetFirstFreeColumnRow Instance: ConfigInstance FirstFreeColumn=&gt; ConfigFFC FirstFreeRow=&gt; ConfigFFR\r\n        Excel.ReadFromExcel.ReadCells Instance: ConfigInstance StartColumn: $'''A''' StartRow: 1 EndColumn: ConfigFFC - 1 EndRow: ConfigFFR - 1 ReadAsText: False FirstLineIsHeader: True RangeValue=&gt; ConfigTable\r\n        Excel.CloseExcel.Close Instance: ConfigInstance\r\n        LOOP FOREACH row IN ConfigTable\r\n            SET Config[row['Name']] TO row['Value']\r\n        END\r\n    END\r\nEND FUNCTION\r\nFUNCTION LogRecordCreator GLOBAL\r\n    BLOCK LogBlockCreator\r\nON BLOCK ERROR all\r\nCALL ErrorCaptureFlow\r\nEND\r\n        DateTime.GetCurrentDateTime.Local DateTimeFormat: DateTime.DateTimeFormat.DateAndTime CurrentDateTime=&gt; CurrentDateTime\r\n        IF LogFileExists = False THEN\r\n            Text.ConvertDateTimeToText.FromCustomDateTime DateTime: CurrentDateTime CustomFormat: $'''ddMMyyyyHHmmss''' Result=&gt; LogFileNamePart\r\n            File.WriteText File: $'''%Config['LogsFolder']%\\\\LogFile_%LogFileNamePart%.txt''' TextToWrite: $'''%CurrentDateTime%,%LogLevel%,%LogMessage%''' AppendNewLine: True IfFileExists: File.IfFileExists.Overwrite Encoding: File.FileEncoding.Unicode\r\n            SET LogFileExists TO $'''True'''\r\n        ELSE\r\n            File.WriteText File: $'''%Config['LogsFolder']%\\\\LogFile_%LogFileNamePart%.txt''' TextToWrite: $'''%CurrentDateTime%,%LogLevel%,%LogMessage%''' AppendNewLine: True IfFileExists: File.IfFileExists.Append Encoding: File.FileEncoding.Unicode\r\n        END\r\n        SET LogLevel TO $'''%''%'''\r\n        SET LogMessage TO $'''%''%'''\r\n    END\r\nEND FUNCTION\r\nFUNCTION CreateOutputFolder GLOBAL\r\n    BLOCK 'Create Output Folder Error Block'\r\nON BLOCK ERROR all\r\n    THROW ERROR\r\nEND\r\n        DateTime.GetCurrentDateTime.Local DateTimeFormat: DateTime.DateTimeFormat.DateAndTime CurrentDateTime=&gt; FolderDate\r\n        Text.ConvertDateTimeToText.FromCustomDateTime DateTime: FolderDate CustomFormat: $'''dd-MM-yyyy_HHmmss''' Result=&gt; FolderDate\r\n        SET Config['OutputFolderPath'] TO $'''%Config['OutputPath']%\\\\%FolderDate%'''\r\n        IF (Folder.IfFolderExists.DoesNotExist Path: Config['OutputFolderPath']) THEN\r\n            Folder.Create FolderPath: Config['OutputPath'] FolderName: FolderDate\r\n        END\r\n        SET LogLevel TO $'''Info'''\r\n        SET LogMessage TO $'''Created Output folder.....'''\r\n        CALL LogRecordCreator\r\n    END\r\nEND FUNCTION\r\nFUNCTION ErrorCaptureFlow GLOBAL\r\n    BLOCK 'Error Capture Flow'\r\nON BLOCK ERROR all\r\n    THROW ERROR\r\nEND\r\n        ERROR =&gt; LastError Reset: True\r\n        SET LogLevel TO $'''Error'''\r\n        SET LogMessage TO $'''Error occured at %LastError.ActionName% at subflow %LastError.SubflowName% with following error- %LastError.Message%'''\r\n    END\r\nEND FUNCTION\r\nFUNCTION 'Extract Locator Details' GLOBAL\r\n    BLOCK 'Extract Details Error Handling'\r\nON BLOCK ERROR all\r\n    THROW ERROR\r\nEND\r\n        SET LogLevel TO $'''Info'''\r\n        SET LogMessage TO $'''Entering Extracting Locator Data'''\r\n        CALL LogRecordCreator\r\n        WebAutomation.ExtractData.ExtractHtmlTable BrowserInstance: LocatorBrowser Control: $'''table[style=\\\"\\\"]''' ExtractionParameters: {[$'''CustomerName''', $'''Brazil''', $'''Canada''', $'''Egypt'''], [$'''''', $'''''', $'''''', $''''''] } PostProcessData: True TimeoutInSeconds: 60 ExtractedData=&gt; LocatorData\r\n        IF LocatorData.RowsCount = 0 THEN\r\n            @@IsCustomModule: 'True'\r\n@@Id: 'e30116bc-db36-ef11-a316-000d3a85cd05'\r\nExceptionModule1.CE_1 ExceptionName: $'''No data exception''' message: $'''No data found in extracted locator data'''\r\n        END\r\n        File.Copy Files: Config['InputTemplateFile'] Destination: Config['OutputFolderPath'] IfFileExists: File.IfExists.Overwrite CopiedFiles=&gt; InputLocatorFiles\r\n        SET LocatorCols TO LocatorData.Columns\r\n        Excel.LaunchExcel.LaunchAndOpenUnderExistingProcess Path: InputLocatorFiles[0] Visible: False ReadOnly: False Instance=&gt; LocatorTemplateFile\r\n        Excel.ReadFromExcel.ReadCells Instance: LocatorTemplateFile StartColumn: $'''A''' StartRow: 1 EndColumn: $'''B''' EndRow: 1 ReadAsText: False FirstLineIsHeader: False RangeValue=&gt; LocatorTemplateDt\r\n        LOOP ColumnIndex FROM 1 TO LocatorCols.Count - 1 STEP 1\r\n            SET LocatorCountryData TO LocatorTemplateDt\r\n            CALL CreateCountryWiseData\r\n        END\r\n        Excel.CloseExcel.CloseAndSave Instance: LocatorTemplateFile\r\n    END\r\nEND FUNCTION\r\nFUNCTION _Test GLOBAL\r\nEND FUNCTION\r\nFUNCTION CreateCountryWiseData GLOBAL\r\n    BLOCK 'Create Country Wise Data'\r\nON BLOCK ERROR all\r\n    THROW ERROR\r\nEND\r\n        SET LogLevel TO $'''Info'''\r\n        SET LogMessage TO $'''Creating Country level data for country %LocatorCols[ColumnIndex]%'''\r\n        CALL LogRecordCreator\r\n        LOOP FOREACH row IN LocatorData\r\n            IF row[ColumnIndex] &lt;&gt; 0 THEN\r\n                Variables.AddRowToDataTable.AppendRowToDataTable DataTable: LocatorCountryData RowToAdd: [row[0], row[ColumnIndex]]\r\n            END\r\n        END\r\n        Excel.GetAllWorksheets Instance: LocatorTemplateFile Worksheets=&gt; SheetNames\r\n        IF Contains(SheetNames, $'''Country Name''', False) THEN\r\n            Excel.RenameWorksheet.RenameWorksheetWithName Instance: LocatorTemplateFile Name: $'''Country Name''' NewName: LocatorCols[ColumnIndex]\r\n        ELSE\r\n            Excel.AddWorksheet Instance: LocatorTemplateFile Name: LocatorCols[ColumnIndex] WorksheetPosition: Excel.WorksheetPosition.Last\r\n        END\r\n        SET LogLevel TO $'''Info'''\r\n        SET LogMessage TO $'''Created sheet  %LocatorCols[ColumnIndex]%'''\r\n        CALL LogRecordCreator\r\n        Excel.SetActiveWorksheet.ActivateWorksheetByName Instance: LocatorTemplateFile Name: LocatorCols[ColumnIndex]\r\n        SET LogLevel TO $'''Info'''\r\n        SET LogMessage TO $'''Writing Country level data for country %LocatorCols[ColumnIndex]%'''\r\n        CALL LogRecordCreator\r\n        Excel.WriteToExcel.WriteCell Instance: LocatorTemplateFile Value: LocatorCountryData Column: $'''A''' Row: 1\r\n        ON ERROR REPEAT 3 TIMES WAIT 5\r\n        END\r\n        Excel.SaveExcel.Save Instance: LocatorTemplateFile\r\n        SET LogLevel TO $'''Info'''\r\n        SET LogMessage TO $'''saved data for country %LocatorCols[ColumnIndex]%'''\r\n        CALL LogRecordCreator\r\n        Variables.ClearDataTable DataTable: LocatorCountryData\r\n    END\r\nEND FUNCTION\r\nFUNCTION CloseBotsDNA GLOBAL\r\n    BLOCK 'Close BotsDNA'\r\nON BLOCK ERROR all\r\n    SET LogLevel TO $'''Warning'''\r\n    SET LogMessage TO $'''Failed tp close browser, killing applications'''\r\n    CALL LogRecordCreator\r\n    CALL KillProcesses\r\n    THROW ERROR\r\nEND\r\n        WebAutomation.CloseWebBrowser BrowserInstance: LocatorBrowser\r\n    END\r\nEND FUNCTION\r\nFUNCTION KillProcesses GLOBAL\r\n    BLOCK 'Kill Process error handling'\r\nON BLOCK ERROR all\r\n    SET LogLevel TO $'''Error'''\r\n    SET LogMessage TO $'''Failed to kill the process'''\r\n    CALL LogRecordCreator\r\nEND\r\n        System.TerminateProcess.TerminateProcessByName ProcessName: $'''msedge'''\r\n        System.TerminateProcess.TerminateProcessByName ProcessName: $'''EXCEL'''\r\n    END\r\nEND FUNCTION\r\nFUNCTION 'Stop flow' GLOBAL\r\n    BLOCK 'Stop flow error block'\r\nON BLOCK ERROR all\r\n    THROW ERROR\r\nEND\r\n        EXIT Code: 0 ErrorMessage: $'''Flow failed at end state. Output Report located at:  %InputLocatorFiles[0]% and Log file is located at %Config['OutputFolderPath']%\\\\LogFile.txt'''\r\n    END\r\nEND FUNCTION\r\n"</Definition>
      <SchemaVersion>2022.07</SchemaVersion>
      <DesktopFlowModules>[{"desktopflowmoduleid":"e30116bc-db36-ef11-a316-000d3a85cd05","inuse":true,"type":0}]</DesktopFlowModules>
      <PrimaryEntity>none</PrimaryEntity>
      <LocalizedNames>
        <LocalizedName languagecode="1033" description="LocatorFlow" />
      </LocalizedNames>
    </Workflow>
  </Workflows>
  <FieldSecurityProfiles></FieldSecurityProfiles>
  <Templates />
  <EntityMaps />
  <EntityRelationships />
  <OrganizationSettings />
  <optionsets />
  <CustomControls />
  <EntityDataProviders />
  <Languages>
    <Language>1033</Language>
  </Languages>
</ImportExportXml>