{"ProjectWatches":"{\"Value\":[{\"Id\":\"e926132a-b7d1-4b82-8c8a-5849804a4209\",\"Expression\":\"dtFinalDt\"},{\"Id\":\"cb0f72dd-0bf1-4d28-8818-5c709f52b6d8\",\"Expression\":\"row(1)\"},{\"Id\":\"2440e3dd-4c81-493a-83ca-9568e8b4a7d8\",\"Expression\":\"dtTemp\"}]}","OpenedDocuments":"[\"Main.xaml\"]","ProjectBreakpoints":"{\"Value\":{\"Main.xaml\":[{\"ConditionalExpression\":null,\"ActionExpression\":null,\"ExpectedHitCounter\":null,\"ShouldContinueAfterAction\":false,\"IsTransient\":false,\"IsEnabled\":true,\"Id\":\"8f1325e0-ed6f-477b-bdd1-b16d9426c77d\",\"ActivityIdRef\":\"LogMessage_1\",\"ActivityId\":\"1.8\",\"ActivityName\":\"Log Message\"},{\"ConditionalExpression\":null,\"ActionExpression\":null,\"ExpectedHitCounter\":null,\"ShouldContinueAfterAction\":false,\"IsTransient\":false,\"IsEnabled\":true,\"Id\":\"7aa111b3-aa53-424f-8739-97e9c05cf13d\",\"ActivityIdRef\":\"Assign_3\",\"ActivityId\":\"1.26\",\"ActivityName\":\"Assign: filterd temp table\"}]}}"}