<desktopflowbinary desktopflowbinaryid="b1342b57-371b-4b9b-8169-e9eaa683bfd3">
  <data mimetype="image/png">ControlRepositoryImageFile_b1342b57-371b-4b9b-8169-e9eaa683bfd3.png</data>
  <iscustomizable>1</iscustomizable>
  <metadata>{}</metadata>
  <mimetype>image/png</mimetype>
  <name>Desktop flow ui element screenshot</name>
  <process>
    <workflowid>44afa738-f222-4d46-934e-f4a3f39d4028</workflowid>
  </process>
  <reference>controlRepo-screenshots\25bc2d69-f741-4fa5-8ad7-99f126d09852.png</reference>
  <statecode>0</statecode>
  <statuscode>1</statuscode>
  <type>ControlRepositoryImageFile</type>
</desktopflowbinary>