<desktopflowbinary desktopflowbinaryid="ce73aec6-d0f7-4e06-ac47-a0bb020c59f6">
  <data mimetype="application/json">ImageRepository_a9e6c065-c283-447a-968f-c1ddeea8e746.json</data>
  <iscustomizable>1</iscustomizable>
  <metadata>{}</metadata>
  <mimetype>application/json</mimetype>
  <name>Desktop flow images</name>
  <process>
    <workflowid>44afa738-f222-4d46-934e-f4a3f39d4028</workflowid>
  </process>
  <reference>imageRepo.imgrepo</reference>
  <statecode>0</statecode>
  <statuscode>1</statuscode>
  <type>ImageRepository</type>
</desktopflowbinary>