<desktopflowbinary desktopflowbinaryid="aef29893-f432-4766-958d-29ced1f4855e">
  <data mimetype="application/json">ConnectorDefinition_06fe7f80-7368-4514-aeaa-aa2a6ada5001.json</data>
  <iscustomizable>1</iscustomizable>
  <metadata>{}</metadata>
  <mimetype>application/json</mimetype>
  <name>Desktop flow connector definition</name>
  <process>
    <workflowid>44afa738-f222-4d46-934e-f4a3f39d4028</workflowid>
  </process>
  <reference>/providers/Microsoft.PowerApps/apis/shared_office365</reference>
  <statecode>0</statecode>
  <statuscode>1</statuscode>
  <type>ConnectorDefinition</type>
</desktopflowbinary>