<desktopflowbinary desktopflowbinaryid="bc25d396-eca7-4901-bc2a-8168916b9f1d">
  <data mimetype="application/json">ManifestFile_bc25d396-eca7-4901-bc2a-8168916b9f1d.json</data>
  <iscustomizable>1</iscustomizable>
  <metadata>{}</metadata>
  <mimetype>application/json</mimetype>
  <name>Desktop flow manifest file</name>
  <process>
    <workflowid>44afa738-f222-4d46-934e-f4a3f39d4028</workflowid>
  </process>
  <reference>flow.manifest</reference>
  <statecode>0</statecode>
  <statuscode>1</statuscode>
  <type>ManifestFile</type>
</desktopflowbinary>