<desktopflowbinary desktopflowbinaryid="73603272-f0fd-45ac-b57a-35f625884945">
  <data mimetype="application/json">ControlRepository_0076acd9-c7e8-4954-b7d5-49c089ae4d8d.json</data>
  <iscustomizable>1</iscustomizable>
  <metadata>{}</metadata>
  <mimetype>application/json</mimetype>
  <name>Desktop flow ui elements</name>
  <process>
    <workflowid>44afa738-f222-4d46-934e-f4a3f39d4028</workflowid>
  </process>
  <reference>controlRepo.appmask</reference>
  <statecode>0</statecode>
  <statuscode>1</statuscode>
  <type>ControlRepository</type>
</desktopflowbinary>