{
  "Screens": [
    {
      "Controls": [
        {
          "AutomationProtocol": "uia3",
          "ScreenShot": null,
          "ElementTypeName": "Heading 1",
          "InstanceId": "10543992-60e0-4f2a-818a-55d1cd7b23bd",
          "Name": "Heading 1 'Customer Locator'",
          "SelectorCount": 1,
          "Selectors": [
            {
              "CustomSelector": null,
              "Elements": [
                {
                  "Attributes": [
                    {
                      "Ignore": true,
                      "IsOrdinal": false,
                      "Name": "Class",
                      "Operation": "EqualTo",
                      "Value": null
                    },
                    {
                      "Ignore": true,
                      "IsOrdinal": false,
                      "Name": "Id",
                      "Operation": "EqualTo",
                      "Value": null
                    },
                    {
                      "Ignore": true,
                      "IsOrdinal": true,
                      "Name": "Ordinal",
                      "Operation": "EqualTo",
                      "Value": 0
                    },
                    {
                      "Ignore": true,
                      "IsOrdinal": false,
                      "Name": "Title",
                      "Operation": "EqualTo",
                      "Value": null
                    }
                  ],
                  "CustomValue": null,
                  "Ignore": false,
                  "Name": "Body 'Customer Locator Requirement | Output.xlsx |  ...  to opt-out, please contact web hosting support.'",
                  "Tag": "body"
                },
                {
                  "Attributes": [
                    {
                      "Ignore": true,
                      "IsOrdinal": false,
                      "Name": "Class",
                      "Operation": "EqualTo",
                      "Value": null
                    },
                    {
                      "Ignore": true,
                      "IsOrdinal": false,
                      "Name": "Id",
                      "Operation": "EqualTo",
                      "Value": null
                    },
                    {
                      "Ignore": true,
                      "IsOrdinal": true,
                      "Name": "Ordinal",
                      "Operation": "EqualTo",
                      "Value": 0
                    },
                    {
                      "Ignore": true,
                      "IsOrdinal": false,
                      "Name": "Title",
                      "Operation": "EqualTo",
                      "Value": null
                    }
                  ],
                  "CustomValue": null,
                  "Ignore": false,
                  "Name": "Center 'Customer Locator Requirement | Output.xlsx |  ...  9 2 1 9 3 3 SCODA 6 4 2 3 4 5 RENAULT 8 8 8 0 6 4'",
                  "Tag": "center"
                },
                {
                  "Attributes": [
                    {
                      "Ignore": true,
                      "IsOrdinal": false,
                      "Name": "Class",
                      "Operation": "EqualTo",
                      "Value": null
                    },
                    {
                      "Ignore": true,
                      "IsOrdinal": false,
                      "Name": "Id",
                      "Operation": "EqualTo",
                      "Value": null
                    },
                    {
                      "Ignore": true,
                      "IsOrdinal": true,
                      "Name": "Ordinal",
                      "Operation": "EqualTo",
                      "Value": 0
                    },
                    {
                      "Ignore": true,
                      "IsOrdinal": false,
                      "Name": "Title",
                      "Operation": "EqualTo",
                      "Value": null
                    }
                  ],
                  "CustomValue": null,
                  "Ignore": false,
                  "Name": "Heading 1 'Customer Locator'",
                  "Tag": "h1"
                }
              ],
              "Ignore": false,
              "ImageSelector": null,
              "IsCustom": false,
              "IsImageBased": false,
              "IsWindowsInstance": false,
              "Name": "Default Selector",
              "Properties": []
            }
          ],
          "Tag": "h1",
          "ScreenshotPath": "controlRepo-screenshots\\25bc2d69-f741-4fa5-8ad7-99f126d09852.png"
        }
      ],
      "Handle": {
        "value": 0
      },
      "ProcessName": null,
      "ScreenShot": null,
      "ElementTypeName": "Web Page",
      "InstanceId": "ef850327-e77f-4569-a12e-01d5ef7bc31f",
      "Name": "Web Page 'https://botsdna.com/locator/'",
      "SelectorCount": 1,
      "Selectors": [
        {
          "CustomSelector": null,
          "Elements": [
            {
              "Attributes": [],
              "CustomValue": "domcontainer",
              "Ignore": false,
              "Name": "Web Page 'https://botsdna.com/locator/'",
              "Tag": "domcontainer"
            }
          ],
          "Ignore": false,
          "ImageSelector": null,
          "IsCustom": false,
          "IsImageBased": false,
          "IsWindowsInstance": false,
          "Name": "Default Selector",
          "Properties": []
        }
      ],
      "Tag": "domcontainer",
      "ScreenshotPath": "controlRepo-screenshots\\f7b4bfc9-496c-450a-aa94-b18b26bf9250.png"
    }
  ],
  "Version": 1
}